{"filter":false,"title":"authentication.json","tooltip":"~/workspace/final/authentication.json","undoManager":{"mark":-1,"position":-1,"stack":[]},"ace":{"folds":[],"scrolltop":0,"scrollleft":0,"selection":{"start":{"row":12,"column":0},"end":{"row":12,"column":0},"isBackwards":false},"options":{"guessTabSize":true,"useWrapMode":false,"wrapToView":true},"firstLineState":{"row":11,"state":"start","mode":"ace/mode/json"}},"timestamp":1543373652227,"hash":"a86632ef32c874995e574635cae8677b653945bb"}